,Really wish I can see a rocket to the moon today . They would totally make my day .
,"RT @WakaFlocka1017 : SO WHEN I GET ON 106 N JOKE AROUND YALL TALK ABOUT ME LIKE A DOG SHAWTY BUT WHEN I BUY 30,000 WORTH SCHOOL SUPPLY N ..."
,"RT @ericjohnsalut "" Good Morning ! Have a pleasant and happy day !"" http://dlvr.it/5Rh4w"
A&amp;E:LOCATION,@jesus_army :-( Mikes been at A&amp;E all day and is now comfortable in a hospital bed :-( Hope you are both better soon .
,@JoxVox Just stressing about the fitted ones though - opro were in school today and I had forgotten to register him for fitting ... whoops
DC:LOCATION,RT @thirdday : RT @macpowell : Just landed in DC . Is anybody coming to the Awakening Festival tonight ? I'm thinking about rocking it .
,get ready to shop local !! RT @uniqueLA : BIG NEWS to start your weekend : Oct 22 @UniqueLA will be opening a store at @HDbuttercupLA .
,Today is goin to slow at work ... Can't wait to get this weekend started !!!
"Pedersen:PERSON, Hangeland:PERSON, Fulham:LOCATION",Pedersen : Hangeland won't be at Fulham for long http://bit.ly/aCXCNE #blackburnrovers
the Apollo:LOCATION,@daraobriain hmmm . Cant wait . Comin on Thursday . First time to the Apollo .
,pulling an all nighter tonight .... good times are approaching
,15 million children die of hunger every year . Heed the call to end #world #hunger : http://linkbee.com/D8RKT via @here4cause
,today seems like a good day to chill :)
,realy bored smack down tonite yay !! ( : mood : bored-_- ha !
,@chrislhayes That 's nothing compared to the LaserDiscs I picked up at goodwill the other day . Completely useless those .
Tim:PERSON,Tonight ! Homemade ice cream flights -- try 3 of chef Tim 's boozy ice cream creations !
"Facebook:CORPORATION, BranchOut:PRODUCT, Accel:CORPORATION",#sp Facebook Job-Hunting App BranchOut Raises $6 Million From Accel And Super Angels : When you want to hang out ... http://migre.me/1kO1K
,"Love me when I least deserve it , because that 's when I need it the most ."
,#DiggyFollows50 @Diggy_simmons FOLLOW ME PLZ CAUSE IM HAVIN A BAD DAY AND WOULD BE SO MUCH BETTER IF U FOLLOWD ME . BUMPING AIRBORNE RIGHT NOW
,RT @_MyNameBrandon_ @Mr_Marcell lol ! yeah aint nothing there but my family . &lt; thaz really it now .. to b honest ... when u coming dwn to sam
,RT @AKingPNCRadio : Shout out to @Laureluxe for a dope show today on @TheLuxeHour w/special guest @cheridennis ... audio droppin later tod ...
"London:LOCATION, Hyde Park Corner:LOCATION",Tomorrow - London - Hyde Park Corner - 1.30 pm . If you cannot be there - send out supportive thought waves !
"Jessica Simpson:PERSON, Jessica Simpson:PERSON, Simpson:PERSON",Jessica Simpson is PREGNANT !?!: Jessica Simpson is pregnant ?? Simpson is pregnant with her barely 4-month boyfrien ... http://bit.ly/aoempS
,"@littlesusie12 @4mike4ever I sending a goodnight to you that I love , to you that every day you give me so much ... love"
,@Phoebe1_ and i also loved the last years eurovision entry !! hoppaa ! they were cool too !!
,"RT @yikes77 : @DonnieWahlberg I have a feeling that when it comes to you , you need more than just ONE date . - YUP !!!!"
,@2kjdream good morning ! And hope today you will enjoy your day~ :D
Oakland:LOCATION,Woot ! My Oakland line made the list . | MT @LaphamsQuart We've posted the best of yesterday 's #mycityis definitions . http://bit.ly/dffSJG
,dnce 2 day at skool 2 dau wuz kinda corny evn doe i dnce a lil bit ugh bored lke always whn is ya gurl neva nt trin 2 fin sunthn 2
"TIFO CREW:GROUP, Dan Martin:PERSON, S8 blog:CREATIVE-WORK",RT @ChicagoFire : Join the TIFO CREW says @Section8Chicago 's Dan Martin in this week 's S8 blog : http://ow.ly/2G43u
,@SweetBee_90 what 's the look for tonight ?
,my friend and me were filmed and interviewed about sex in cologne :D gosh thats so crazy .. hope they show it on tv on monday :P #RTLextra
,This week only $5 off custom blogger design ! http://www.bonanzle.com/LoisCollis
,Bouncing my ass like thrs no tomorrow
"Breaking Dawn:CREATIVE-WORK, Vancouver:LOCATION",' Breaking Dawn ' Returns to Vancouver on January 11th http://bit.ly/dbDMs8
,I jus saw his ass lol RT @BLikeHer Ima get my lil brother wasted tonight .
RACHELLE:PERSON,@_AsToldByBV well i wrote you like 6 times this week ! urgh . RACHELLE im gonnauh kill YOU tonite !
,Uhmm . Looks like I'm not leaving my house tonight !
"GOTTA BODY:CREATIVE-WORK, JIM JONES:PERSON","'MUSIC CHOICE JUST HIT ME SO IF YOU ON DEMAND TONITE "" GOTTA BODY "" MUST LISTEN ( FREEKEY ZEKEY FT JIM JONES )'"
"Chicago:LOCATION, Florida:LOCATION",Beautiful day in Chicago ! Nice to get away from the Florida heat .
,"RT @refuel_bar : Annual Whole Hog Dinner Wed Oct 27 ; 3 seatings , communal tables , family style $49 ; http://bit.ly/62Gs3X for details ."
,The EYE of the Storm .... The Calm Before It ...
,@EimearJedward auditioning on sunday :) xo
,New boyz have come a long way in the game and still going strong ! #muchlove
"Baka Boyz:GROUP, DJ Elements:PERSON",Tonight @AZUKARlounge Baka Boyz LIVE w/ DJ Elements 103.5 &amp; Soreal . $150 VIP booths tonight . Text 916.960 . 8120 for NO cover glist !!
aintree:LOCATION,@Strigy got mine in bbt aintree today . Played table tennis on it in store ! V impressed . Did you get analogue controller 2 ?
,"'RT @chambermusician Sprezzatura Time ( "" But , I could play it in practice "" ) #music #musicians http://su.pr/3iJ0RE'"
,"'"" Two ravens in the old oak tree And one for you and one for me And bluebells in the late December I see ..."" http://tumblr.com/xx9iucxjw'"
,"my past was the reason i tried to kill myself the other day , and i 'll gladly do it again ."
,been reading shit about ppl have'n neon shit and black'n out after a night of #4lokos lol iown kno if I can trust it lol @JUICEBOXX513
"iTunes:CORPORATION, iTunes:CORPORATION",The latest App news : iTunes Instant : Search iTunes at high speed thanks to 15-year-old developer : If you've hear ... http://bit.ly/cy1wNb
,@NiccoleG when you coming to grandma house ?
Jason Wu:PERSON,Fave Looks from SS 2011 Fashion Week : Jason Wu read more http://bit.ly/brsV4V
Willingham:LOCATION,"RT @ContrarianDave : Here 's my story on today 's Forensic Science Comm . meeting , where Willingham probe took a remarkable turn . http://bi ..."
,i dunno why people still type '' sad face''.....''smiley face''...''raised eyebrow''...when its alot more easier to make it
Brandy:PERSON,Hurry up ! Brandy will be Leaving in 2 days ! - #Eskorte and #Massasje i #Norge
,@iKutiePie coolen .. i aint speak to my lil baby all day .. had to check up on u
"Facebook:CORPORATION, Accel:CORPORATION, Super Angels:CORPORATION",Facebook Job-Hunting App BranchOut Raises $6 Million From Accel And Super Angels : When you want to hang out with ... http://bit.ly/aLTo95
,Why hate on somebody for doing well when you can simply say great job and move on .. [Haters u can kill yourself ] cuz ur losers
TD Jakes:PERSON,#blackholidays TD Jakes Day
"Demos:CREATIVE-WORK, BCAT:GROUP",RT @DollarVanDemos : #BROOKLYN ! Stay up late tonight to catch the 1 hr special of Demos @ 3AM on BCAT feat @BlissyCakes @YaGirlNicolette ...
,"Son popping of to school , anybody want a shoutout before i go ? just ask , and ill provide ."
Ghostland Observatory:GROUP,RT @TheValarium : Online ticket sales for Ghostland Observatory extended until 6 PM EST due to high demand . Get them before they sell out ...
K-On:CREATIVE-WORK,I 've just watched first four episodes of K-On for the first time ! : 3
,@DrHubaEvaluator Not long ago I responded to a angry cardiologist whom I have known yrs . when he spit venom to the newspaper but I did it +
,"@Sophieeander will .. Dont go !! Cause its your last year i know the school suck but you should go to school ^^ "" HK can wait for u .. !!"
,RT @Sexstrology : Pisces tend to escape into fantasy and day dreams . There they are free .
,Yay . @penguin is coming to see me next week ... plotting my cooking now !
"Michael Vick:PERSON, Eagles:GROUP",Report : Michael Vick Will Start for Eagles on Sunday http://t.co/UqXcSXT
,@jodieboulger Ehe good :) see you tomorrow dude !
"Cudi:PERSON, Wale:PERSON",No one cares .... RT @RapperBigPooh so Cudi got a problem with Wale now ? why ? when did this happen ? is this musical or personal ?
Toronto:LOCATION,"'RT @JReyez : The "" Say Aah "" crew in Toronto ? November ? Hahaha'"
,"If you can smile when things go wrong , you have someone in mind to blame ."
,tea time .
,@SweetBee_90 what 's the look for tonight ?
Justin Bieber:PERSON,"'I just took "" After getting trampled at a Justin Bieber concert , yoiu wake up and find J ..."" and got : part 5 :) ! Try it : http://bit.ly/9Uqiu5'"
,RT @MirandaBuzz : Last day of this season !!! Next season I hope I'm driving myself to work ! Gonna miss everybody like crazy :)
Twitter:CORPORATION,Personal Twitter is now ago . People can now keep track of me instead of just my films and production company .
,Still on my @teganandsara kick ! It 's been a solid 2 weeks !
,Aggressive Kids With ADHD May Not Need Antipsychotic Meds http://t.co/JfGm0uH
,lalala south game tonight !!!! Go us . http://bit.ly/b351o9
Justin Bieber:PERSON,"'I just took "" After getting trampled at a Justin Bieber concert , yoiu wake up and ..."" and got : Part 1 :) ! Try it : http://tinyurl.com/3alx5up'"
"Dems:GROUP, GOP:GROUP, AP:CORPORATION, Yahoo:CORPORATION","#news Dems to voters : You may hate us , but GOP is worse ( AP ) ( Yahoo ! ) : Share With Friends : | Latest Top Ne ... http://adpro.co/aQxQtY"
WoW:PRODUCT,Always kinda awkward when you get the chat group wrong in WoW . Sometimes you don't want the tank to know you're dissin ' him . Oops .
,@BadAssAlexander *sighs* Studying for a exam coming up soon . *huffs before smiling* Wanna go out tonight ? ( LMAO I honestly thought today -
,RT @eliseven : RT @yehudaberg : join me &amp; thousands of people around the world tomorrow in a synchronized prayer 4 peace . 4pm PST . http:// ...
,Bloggers : Who are you writing for ? | Social Media Today http://bit.ly/9mY0NK
iPad:PRODUCT,@geek @borkware Somehow my iPad in Airplane mode with WiFi off has no problem connecting to internet . Time for a wipe or downgrade .
,@MATHHOFFA @darealjustjuice yo I put that bitch boy in his place the other day . Do n't even waste ya time wit clowns
,Ha ha i try for you really hm lmao lame pretty day
,@playavolta haha it 's not that bad now but when i was little i used to freak out so i would use the chewables that tasted like chalk .
,How is it that the same ppl who complain about crime and potholes r outraged @ the idea of paying an extra $2/month to improve those things ?
,im in a bar and ckecking my twit acc so i guess its time to go home .
,It is the 80 ' weekend ! I started today with some wonderful videos ; I'll be sharing with all of you more wonderful ... http://fb.me/G3Nzs97h
,A slow yes beats a fast no 7 days a week ... dont rush people when dey make'n choices u might get told no just cuz dey want u 2 shut up
,Because maybe You're gonna be the one who saves me ? And after all You're my wonderwall
Nick Jonas:PERSON,All night long RT @FauxSuhlenaa : I rape Nick Jonas .
,Pxleyes Top 50 Photography Contest Pictures of August 2010 ... http://bit.ly/bgCyZ0 #photography
"Rotary Club:LOCATION, Terry Fox:PERSON",volunteering for the Rotary Club at the PoMo Terry Fox run . Should be an excellent time : come down and check it out on Sunday am !
,"@peasmom3 and as if I was n't obsessed with AFL already , after Sunday I 've gotten even more so !! I 'm so obsessed with his sexiness !!!!"
pope:PERSON,The pope isn't really making much of an effort . He 's wearing the same clothes as yesterday .
,I want 2 talk 2 some people before i go to sleep :( http://tinychat.com/welovejustinbieber
Tony Blair:PERSON,@Surfrdan to be fair though it 's roughly the millionth time he 's played Tony Blair .
Three Days Grace:GROUP,Check this video out -- Three Days Grace - Break ( Official Music Video ) [ HQ ] http://t.co/GOwCLQJ via @youtube
Sara B .:PERSON,""" compare where you are to where you wanna be and you'll get nowhere "". Thanks for the reminder , Sara B . Focusing on the good . Show tonight !"
"God:PERSON, God:PERSON, Jesus Christ:PERSON","RT @JoeCienkowski : When people try to say how mean and harsh God was , remind them the true nature of God came in the person of Jesus Christ"
,RT @m_candelaria : The amazing Follow Friday Train : @Sketchjobs @lollieshopping @philadelphiabn @elainebiss @TableMatters10 @STALKmyPRETT ...
Christchurch:LOCATION,"QUAKE : Mag 4.5 , Saturday , September 18 2010 at 10:03 am ( NZST) , 20 km south-west of Christchurch . http://tinyurl.com/265n4mx #eqnz"
,"I've never laughed so much in my entire life as i have tonight . my eyes are watering , it hurts to move and i actually fell off my chair once"
,A BLISSFUL MORNING TO ALL ! It 's a brand new day to start with . Hope you have a great day ahead ! Keep safe . Take care . God bless you !
,@eatzombiebabies haha maybe we'll dance off in the online stream tomorrow ! lol
,"'"" come on its Friday night ... shes dreaming whoa oh oh oh dreaming of a weekend whoa oh oh oh ""'"
snoop:PERSON,"@SnoopDogg hey snoop my wife Cath is 30 today , any chance of a shout out to her ,"
,tomorow on day off !! youppppiiieeee
Ash:PERSON,@Littlesapling You said that last week Ash . I think you need a 12 step program .
,@ShawanaA It did me t o.I was so sympathtic to her when I frst hrd this . When she blmd a AA for it realy pis'd me off . Someone copied her hoax
,@niamh_schnapps fuckin yeaaaaaa march 1st omgomg best news !!!!
,RT @kktv11news : Woman Gets Year In Prison in Dog 's Dragging Death http://goo.gl/fb/WcjLV
,I hate it when my [ HONK ! ] gets stuck in my [ WHOOPWHOOP] .
,every time u smile =)
,@singingislife15 Follow Friday :)
,5 Things You Need To Do Before Contacting A Professional Photographer http://goo.gl/fb/I7rBo #inourhead
,My boobs look HUGE today ! =D
,"RT @rockerfuckerak : What 's done is done , Just leave it alone , and do n't regret . Sometimes somethings turn in-to dumb things . And that 's when ..."
,@philmacaulay Recently appreciated how amazing night time is :D
Santy:PERSON,Hurry up ! Santy will be Leaving in 2 days ! - #Eskorte and #Massasje i #Norge
,"'@jennkorducki http://twitpic.com/2pcj44 - Ah this made my national "" holy crap "" day even better :)'"
,But what happens when karam turns right around and bites you ? And everything you stand for turns on you despite you ?
,@basboeit Een groeiproces in de ruimste zin van het woord . Ik arriveerde toen 5 kilo . Gelukkig viel ik er deze week evenzoveel weer uit .
,RT @JeremiahBonds : who thinks they deserve a #ff follow friday ? lol &lt; &lt; @Ms_GudBitch Duhhh Lol :)
,Saw some people from my past over at the school today . They all remembered me . :)
sfitzy93:PERSON,sfitzy93 asked : No problem ( : awesome ! toast = life :P .. You doing anything for the day ? http://tumblr.com/xkdiufb81
,@MakethisRalate good luck at Elliot Miner :D yous were greaaaat tonight &lt; 3 xx
,RT @CoreyTaylorRock : Chinese Proverb : one must first look foolish before he looks brilliant .
,"my past was the reason i tried to kill myself the other day , and i'll gladly do it again ."
"Gainesville:LOCATION, Costa Lounge:LOCATION, salsa caliente:PERSON","If you are staying in Gainesville , come check out Costa Lounge TONIGHT ! Say you are with salsa caliente and get in ... http://fb.me/FZVzm8H9"
,What a productive day . Not .
,RT @m_candelaria : The amazing Follow Friday Train : @Sketchjobs @lollieshopping @philadelphiabn @elainebiss @TableMatters10 @STALKmyPRETT ...
,HAPPY B . DAY TORA *OOOOOOOOO* ~
,Every night &amp; every day !!
Leroy Jenkins:PERSON,RT @MARLONLWAYANS : Happy Yom Kippur to all my Jewish friends . Black people need a Leroy Jenkins Day . We need some days off too
,Morning ....! I really never enjoy to sleep ... hhmmm .. Have a nice saturday all ..! Hehehehehe
,You'll come back when they call you ... No need to say goodbye .
,@AlineLemos T.T Ainda vou fazer o Caroleta 's Day [ ? ]
,@lexi_nicole2010 That 's not the story by a long shot biotch !
,@MinkyMoo I really didn't want one either but I literally laughed out loud when I read it . I'm sure that is not the reaction she wanted ;)
,What a productive day . Not .
,Hoyy One Day Lindooo Pero Un Touch De Aburrimiento : S
,@Wes0010 good idea ! i have some i found in the golf bag i just received from my aunt who died 21 years ago !
,RT @MirandaBuzz : Were working til midnight tonight ! Sleepover on set !
,RT @Sexstrology : Pisces tend to escape into fantasy and day dreams . There they are free . &lt; yesss #wavesindexfingerintheair #AGREED ! ^10thpower
,@daxx_d24 best feeling in the world twice this week . Got 3 more on the way lmao i cant stop
,@tsykoduk that was yesterday and @RandomGemini he already has one . :-)
"Gainesville:LOCATION, Costa Lounge:LOCATION, salsa caliente:PERSON","If you are staying in Gainesville , come check out Costa Lounge TONIGHT ! Say you are with salsa caliente and get in ... http://fb.me/FZVzm8H9"
Stephen:PERSON,"Stephen , the Intellectual . @bbhess I bet ppl that design book covers for a living hate when people say do n't judge a book by its cover"
Metallica:GROUP,Q : If you could spend an entire day with one ... A : Metallica .: http://chatter.com/ask-me-anything/kt2yo
,Comment of the Day : The Depths of Poverty [ We Read You] :
,"@mekamoe927 I 've had one before , but it was a short experience ( double entendre intended) ."
,RT @robynsuave shout out @OhNoIts_JoJo #teamlesbian #teamstud ayyy &lt; -- all day everyday fam !!!!
,"No I 'm not saying I 'm sorry One day , maybe 'll meet again No No No No ( 8 )"
,"I think i might get 8,000 tweets today"
"Club Penguin:PRODUCT, Club Penguin:PRODUCT",FAN Art in Club Penguin :) : Here are this weeks Club Penguin FUN Art Drawings :) The Snow Fort is a Super FUN Plac ... http://bit.ly/bCc2MS
,College Student - Trusty House and Pet Sitter ( Barefoot Student) : I 'm a 22 year old first year graduate student at ... http://bit.ly/cDYeqQ
,@sarahXtinchyBBK looool u hav made me want mcdz again an im tryin 2 stay off that had it all week an sounds nice :D x
,@MiSS_SOTO I think that 's when I 'm gonna be there
,@jenniferehle : Did you get heavy rains up there yesterday ?
"Friday Night Lights:CREATIVE-WORK, Dillion High School:LOCATION",Season 3 of Friday Night Lights ... It seems that no one at Dillion High School graduates .
the Rza:PERSON,I think one of the coolest things to do would be to hang out with the Rza for a day .
"YouTube:CORPORATION, Water:CREATIVE-WORK, Testing Tomorrow:GROUP",I favorited a YouTube video -- Water by Testing Tomorrow http://youtu.be/htAM7lgcelw?a
,RT @WeScreamAlex : LET'S ALL GET WASTED TONIGHT OK ?
,Support Your Local Op Shop - Only 4 days left ! http://post.ly/yCqH
"Clemson:LOCATION, Auburn:LOCATION",RT @SonyElectronics : Sony/Bud Light 3D tailgate parties on Saturday - Clemson party at http://bit.ly/cds8Pd ; Auburn party at http://bit . ...
,Sunday can you please hurry up and get here already ?! I want to see @nickjonas @kevinjonas @joejonas already ! Concert 's going to be rad ! :P
,"AND EVERYTHING YOU STAND FOR , TURNS ON YOU TO SPITE YOU ? WHAT HAPPENS WHEN YOU BECOME THE MAIN SOURCE OF HER PAIN ?"
,TODAY IS THE TEACHER'S DAY 2 ! HAPPY TEACHER'S DAY 2 ME !!! YEAAAAHHHH !!! AGUANT LA DOCENSIA !!!
,@cprieboy At the end of the year ? Sometime in May . They are just starting at the beginning of August now instead of the middle .
miami:LOCATION,@hannibal_flow I got miami pics for days lol
Mark:PERSON,"My dad is laughing because in some translations Mark 14:30 says : ""... Before the COCK crows ..."". I've never been so proud LOL"
,RT @Softscrub : This week 's #FF has started ! Follow us for a chance to win a free bottle of #SoftScrub !
,Over My Boyfriend House Tonite We Going Do The Damn Thing .
,"REFINERY29 STALKS LA'S MOST FASHIONABLE FEMMES FROM LAST WEEK VB'S PARISIAN BREAKFAST . MERCI , MERCI ! XX http://ow.ly/2G4KX"
,#FF THE FUTURE OF THE @WWE @JTG1284 HE #SofaKingFlyy HE ONE OF MY ALL TIME FAVS .... #ReallyDoe
Charlie Chaplin:PERSON,RT @el_frawg : I'm not really good at history . I once went back in time and killed Charlie Chaplin .
,"#Random But Why Do Woman Say The Want A Big D@ck &lt; When They Get It They Favorite Line Is "" where is that suppose to go """
,Why hate on somebody for doing well when you can simply say great job and move on .. [Haters u can kill yourself ] cuz ur losers
,Lol girrrrrrl . I'm very lucky but everything is work . Yours will come when its supposed to RT @_katesit_ Can't ( cont ) http://tl.gd/63aq2c
,"Here we go , Friday night craziness"
Wisconsin:LOCATION,"Today I got a promotion at work , and tomorrow I 'm going home to Wisconsin for a few days . So content with life right now . :)"
,RT @JodyModel : #Blackholidays Pookie Release From Prison Day
,n dude .... one of the new choir teacher that they interviewed ( we had him all week ) gave us DONUTS !!!! haha hes nice
,"What is it with people and punctuality ? I used to be that guy and honestly , it 's a haze now . Just be on time . It 's not like its a surprise ."
"Engadget:CORPORATION, Sky 3D:CORPORATION, Stephen Fry:PERSON",Engadget : Sky 3D enlists Stephen Fry to explain the technology ahead of its October 1 launch ( video) : With the of ... http://bit.ly/abRALO
61 Roadhouse BBQ:LOCATION,"'Come to "" MRB @ 61 Roadhouse BBQ "" Sunday , October 10 from 12:00 pm to 4:00 pm . We are playing for the 61 Roadhouse ... http://fb.me/G1FbJGw1'"
Sacramento:LOCATION,RT @nickjonas : Just arrived in Sacramento ! What a beautiful day .
,Honestly what is wrong with kids today . On a packed t and there are 2 older ppl ( 1 w/ a cane mind you ) and nobody gets up to let them sit !!
,It sucks when you eat old cookies for lunch and they make you feel barfy .
,gym tonight because I was a slacker last night and went out to dinner instead of working out #fb
"Playboy:CORPORATION, Slovenia:LOCATION, Playboy:CORPORATION",Playboy - 10 October 2010 Slovenia : Playboy - 10 October 2010 SloveniaSlovene | 138 pages | PDF | 39.45 Mb http://bit.ly/aJILb4
Colin:PERSON,"Bringing this one back . From last March . On tackles . On intent . More to say but for lack of time , here 's this : http://ow.ly/2G4Mb ( Colin )"
"Adam:PERSON, TMZ:CREATIVE-WORK",I have a strong hunch Adam will be a story on TMZ tonight . Gulp .
pete:PERSON,"@lukeymoore you not playing tomorrow ? Dear me , is it just me and pete , is he trying to rape me"
,Have a feeling my phone bill will be high this month
target:CORPORATION,"RT @Mirandreamer : "" I tried to walk into target yesterday , I missed ."""
J John:PERSON,"Thrilled about this @HPC//RT@DeLynnRizzo : girls , register4 #livethedream @joycemeyer , J John , @kerriweems oct 7-9 . livethedreamconference . com"
Jeff:PERSON,@Elcartoonifyer really ? Jeff told me he was going there tonight too ...
,What the :\ after tweeting ' monkey donkey ' my first account got limit #twitterjail
"JV soccer:GROUP, Benitez:PERSON","JV soccer leads 4-1 after Benitez scores again , less than 7 mins to play"
Danger Days : The True Lives Of The Fabulous Killjoys:CREATIVE-WORK,"'RT @amandacarolinne : "" Danger Days : The True Lives Of The Fabulous Killjoys ""'"
"Kahlua:PRODUCT, Coffee:PRODUCT",Kahlua &lt; Coffee over looking the lake is just what the doctor ordered .... hope everyone has a great Friday night !
,"@Ravenwithclaws last time we spoke you were very ... Opinionated ? Lol :) and im good too , sorry i have not been on : -S"
,I love listening to lies when i know the truth
,"I 've never found a happy way to preserve it but it 's usually affordable most of the year . We eat a lot 2 , grilled saute bake or fried"
,Quick Question : Chink-A-Link Have You Ever Scratched Before ? Lls
CityTV:GROUP,@KrisReyes Have an awesome time on your travels!I'll miss seeing u on CityTV !
"John Acuff:PERSON, Dave:PERSON, JA:PERSON","John Acuff joined @daveramseys team ! sweet ! I hope Dave gives him his own show one day , but i'm excited for JA and wish him all the best"
"twitter:CORPORATION, twitter:CORPORATION",RT @jakeandamir : If you would have told me 20 years ago that YOM KIPPUR would be trending on twitter I'd be all like &quot; what 's twitter ?&quot;
Bio Spot:PRODUCT,Bio Spot 6 Month Spot On Flea &amp; Tick Cats 5 lbs &amp; Over #E_BAY #forsale #supplies #pet #SFO http://3taps.com/w/ML2EQ4
Temecula:LOCATION,Observances mark 9/11 anniversary : Observances in Temecula and elsewhere throughout the region last week marked the ... http://dlvr.it/5Rckw
"Houston:LOCATION, Fes:PERSON, Salt Lake:LOCATION","After a great two days of meetings with Houston , Fes is back in Salt Lake ."
Exodus Porter:PRODUCT,RT @sweetwaterbrew : 1st batch of Exodus Porter went into the brew house today ! going exclusively into the winter edition of the tackle ...
,"Companies fixing a problem that 's wholly their fault and calling it a "" one-time courtesy "" is insult to injury . They 're clearly not sorry !"
,"@glasgirl Lol . How were things today , love ?"
,@peterc83 night night good luck tomorrow x
,Day three of St John 's wort tea for anxiety . So far today I havent had a panic attack...we'll see if this works !
,So apperently there is a dance and game tonight ..... I wonder if kierra will go with me -hinthint- I hope she gets this to her phone e_e
,@Jfordj12 Wee need u to make it happen on Sunday
,@mfeige it 's on a Saturday though . So that 's a thing .
,RT @jjburdett : Most Important Election in years . RECLAMATION ! @marcorubio @sharronangle @seanbielat
,SATURDAY NIGHT CAST PARTY INVITATION http://conta.cc/csqjCc via #constantcontact
"Murkowski:PERSON, AK:LOCATION","I may have been wrong about Murkowski , look like she 's going to turn Friday news dump on its head . three-way race reportedly ahead in AK ."
,Artful Pumpkins Ladies Long Sleeve : Artful Pumpkins Ladies Long Sleeve . Altered vintage design . Backgroun ... http://bit.ly/9RRYOI #tshirts
,A TRUE friend walks in when everybody else walks out !
,About online dietician : A thinner stool than usual can be identified and removed before they get are 2 weeks ago J ... http://bit.ly/cYGBdz
orlando:LOCATION,"@SashaGrey i am your big fan but i live too far , when do you come in orlando one day let me know ok"
,"RT @ZodiacFacts : #ZodiacFacts As an #Aries romance isn't about what you're after -- it 's about taking chances , exploring and keeping an ..."
,"Going to this fish fry after work , even though I'm tired as hell . Food trumps sleep though ."
,@glorybeful Well ... thats why they invented ... tomorrow ! :o D
,But what happens when karam turns right around and bites you ? And everything you stand for turns on you despite you ?
uk:LOCATION,"@PERSONGUY6661 I have n't unfortunately :( I missed the chance when theycame to the uk this year , you seen them ?"
,Why is it that I can sleep when I shouldn't be but not when I should be ???
,inspired yet again to write .. cant wait to share my testimony .. cant wait for the day when im taken underwater brought back up .. BORN AGAIN
,@taqui_jade lol I snapped so quick too lmao some people just piss me off instantly when they open they mouth lol
,"When glass breaks , the cracks move faster than 3,000 miles per hour . To photograph it , a camera must shoot at a millionth of a second !"
Jan Bloom:PERSON,"Honored Double Diaomond as well : Jan Bloom ... her two beautiful daughters surprised her on stage , it was just sooo ... http://fb.me/JLLhbDl0"
,@irishhooligan or the best is just walking along the road when a clump of it just appears to be waiting in front of you all that time #icky
,"#woot I'd like to buy this , but i have a hard time doing a sit up ..."
"John:PERSON, Edward:PERSON",@planetjedward were 's John and Edward ... there Tweets make my day ... now what am i supposed to do :' ( COME BACK TO USSS &lt; 3
,#MuchLove to my baby girl ! 10.20 . 09 !! One year here we come !
"Pope Benedict:PERSON, John Henry Newman:PERSON, Pope Benedict XVI:PERSON",Pope Benedict trip : Why move John Henry Newman toward sainthood ?: Pope Benedict XVI plans on Sunday during his sta ... http://bit.ly/d7tM0r
YouTube:CORPORATION,Our Favorite YouTube Videos This Week : The Drama Edition http://bit.ly/aYSci6 | mashable
"NEW ORLEANS:LOCATION, Republic:LOCATION",NEW ORLEANS ! - Tonight @damionyancy at Republic !
"iPod:PRODUCT, goodbye moon:CREATIVE-WORK","'@stephaniebriggs Jumped in the truck , flipped the iPod over to shuffle , and it gives me "" goodbye moon "". Probably a year since last heard it !'"
Brian:PERSON,@briancag &quot;' Brian .' Isn't available right now ...&quot; hahahaha that 's what I hear when I call your saynow .
,@TRARONEdwards tuesday is perfecy
YouTube:CORPORATION,"Our Favorite YouTube Videos This Week : The Drama Edition : Had any epic meltdowns this week ? You know , of the cryin ... http://bit.ly/cuy0yt"
Ayodhya:PERSON,@sardesairajdeep I can see three kinds of reactions after Ayodhya verdict .
Justin Bieber:PERSON,"I just took "" After getting trampled at a Justin Bieber concert , yoiu wake up and ..."" and got : Part 6 :) ! Try it : http://tinyurl.com/233u5lu"
,@TrustL33 word im definitely gettin that the day it drops
,complete kiddie goodness today . first a kids party followed by a night at the circus followed by another kiddie party tomorrow .
"Casitas:LOCATION, Luna Lounge:LOCATION","Every Saturday night Casitas presents Luna Lounge , the perfect setting to linger under the moonlight http://twitpic.com/2pdt30"
,"r rated http://bit.ly/aGV3kX Weekend Movie News Wrap Up : July 11 , 2010 Screen Rant"
,"What do you do when you're stuck because the one that you love Has pushed you away , And you can't deal with the pain ."
"BORDER LINEA:PERSON, Limelight:LOCATION, St . Mary's.:LOCATION",BORDER LINEA IS TONIGHT ! 9 p.m. to 2 a.m. NO COVER . Come by and see local musicians and artists showcased at Limelight on St . Mary's.
,@lennaraye i know its awful . i hate the feeling of being passed even when im going a little bit over speed limit
LA:LOCATION,@lauraluanabeth 'll be back in LA tomorrow night ! yaaaay !
,@itzkeving im getting mine off this monday :' )
,como saben que danger days es el nombre del disco ?
,@weezywiii yes i do .. scouts dont smoke week
"Justin:PERSON, bieber:PERSON",I don't get when people say when Justin gets a gf that should be me will be #1 I'm pretty sure almost all bieber fans have it already . 8 )
,wake me up when I have a reason to stay up !
"Rick Ross:PERSON, Drake:PERSON",When the last time you ran into Rick Ross and Drake twice in the same day at 2 diff video shoot locations . Today I did !
,RT @ItsTheTeenLife : The exact day that I wear shorts and a tee shirt everyone shows up wearing hoodies and jeans . -_- #ItsTheTeenLife
"Sky 3D:CORPORATION, Stephen Fry:PERSON",CyberNation Sky 3D enlists Stephen Fry to explain the technology ahead of its October 1 launch ( video) : With the o ... http://bit.ly/aWoRmo
,"Think the article should be ready to resubmit next week . Quite excited , but also rather scared ."
,@HackinTimSeeley A world without bare legs is a terrible place indeed ! Here 's to 6+ more years of bare legged cassie
"Mandy:PERSON, Miley:PERSON, Miley and Mandy show:CREATIVE-WORK",@mandyjiroux Mandy when you and Miley will upgrade Miley and Mandy show ? I miss the videos .
,Need it to be slammed at the haus tonight
the States:LOCATION,"Ahaha , the look on @__nancy ' s face when someone asks ' What part of the States are you from ?' is PRICELESS ."
"MD:LOCATION, Float-Ellicott City:LOCATION, MD:LOCATION, MD:LOCATION","MD Jobs | Executive Pharmacist-Full Time Float-Ellicott City , MD Job ( MD ) http://bit.ly/daNH6v #Job #Hiring #MDJobs"
Yli:PERSON,"Gotta call mom 2 let her know it 's almost 3 . Yli gets out in 15 . Mom took the antenna home today &amp; connected it at home , finally ."
,Next week is Spirit Week at school ... Homecoming Week ... And Picture day on Tueday =\
,I stopped listening to this lecture like 20mins ago ... #sad
Anja Rubik:PERSON,Anja Rubik Model in Lingerie of the Day http://f.ast.ly/DCaEM
,"have to sleep now ! gym , facial , then SUPAHFEST tonight i need my kuya 's driver ... MOSH PIT VIP common"
,going now guiseeeee ... if i dont see you through the week ill see you through the window :) :)
,I feel like there was something i as suppossed to do today ....
,And now the wait til the games get started for the day .
,"cant wait to see my beautiful neice nx week , gonna spoil her rotton"
,RT @BLKICE3 : Free before 10:30 .... Wear All Black People !!!! http://twitpic.com/2pd1vc
,"I'm feelin better than some head on a Sunday afternoon , better than a chick that said yes too soon ."
Indian:LOCATION,... and the rules are ? #corny RT @barzangi : I've said it before and I'll say it again : Indian food RULES .
,Latest Fsbo Auctions | No Qualifying Loan : US $ 32.00 . End Date : Tuesday Oct-12-2010 20:30 : 22 PDT Buy It Now for on ... http://bit.ly/9IV2ex
"Pumpkin Moonshine:PRODUCT, Nashville:LOCATION, KY:LOCATION",I want it NOW ! ;) RT : @corsairartisan Pumpkin Moonshine has arrived in Nashville -- Give it a week to get it in stores . KY ships next week !
,Just puffed on sour d unintentionally ... I'm so high Idk when I will come back to earth
,"Come to "" 6th Biannual 24 Hour Prayer Focus "" Saturday , November 13 from 10:00 am to 1:00 pm . Mark the Date !!! http://fb.me/JyYXPmql"
Derek:PERSON,"RT @BuffSabresGrl63 : RT @LindyRuffsTie : RT @FakeDarcy : No Derek , when guys get hurt , "" kissing the boo-boo "" will not make it better . #sab ..."
,@bakontrack I was on a successful business trip !!! I had no time to tweet !!!
port city java:CORPORATION,Ha ! RT @julie_cook : thanks port city java for the caffeine . not so sure my coworkers will be as pleased when i start shooting off emails at
,Bar hopping in buckhead tonight .
,"#aberdeen RT @flook_firehose2010Polar Bear http://flook.it/c/1H1HZq Sun , 17 Oct 2010 at 10:28 am The Tunnels Carnegies Brae Aberdeen Un ..."
